1102 E 43rd St,
5044 Utopia Pkwy,
173-53 103rd Rd,
69-15 136th St #A,
1792 E 91st St,
110-54 199th St,
50-46 211th St,
216-20 17th Ave #TOWNHOUSE 58,
3515 166th St,
1211 Campus St,
2901 SW 102nd Ave,
107A S Grove St,
1092 E 43rd St,
53-19 32nd Ave #3,
1102 E 43rd St,, 
5044 Utopia Pkwy,, 
173-53 103rd Rd,, 
69-15 136th St #A,, 
1792 E 91st St,, 
110-54 199th St,, 
50-46 211th St,, 
216-20 17th Ave #TOWNHOUSE 58,, 
1102 E 43rd St,, 
5044 Utopia Pkwy,, 
173-53 103rd Rd,, 
1102 E 43rd St,, 
1102 E 43rd St,,Brooklyn, NY 11210
5044 Utopia Pkwy,,Flushing, NY 11365
173-53 103rd Rd,,Jamaica, NY 11433
69-15 136th St #A,,Flushing, NY 11367
1792 E 91st St,,Brooklyn, NY 11236
110-54 199th St,,Saint Albans, NY 11412
3515 166th St,,Flushing, NY 11358
216-20 17th Ave #TOWNHOUSE 58,,Bayside, NY 11360
50-46 211th St,,Oakland Gardens, NY 11364
1211 Campus St,,Charlotte, NC 28216
4364 W Bronson Ln,,Herriman, UT 84096
1092 E 43rd St,,Brooklyn, NY 11210
4221 Avenue J,,Brooklyn, NY 11210
53-19 32nd Ave #3,,Woodside, NY 11377
107A S Grove St,,East Orange, NJ 07018
5032 Utopia Pkwy FL 2,,Fresh Meadows, NY 11365
17345 103rd Rd,,Jamaica, NY 11433
69-03 136th St #B,,Flushing, NY 11367
1270-1288 E 91st St,,Brooklyn, NY 11236
11023 198th St,,Jamaica, NY 11412
16616 35th Ave,,Flushing, NY 11358
1785 215th St APT 1S,,Flushing, NY 11360
5030 211th St,,Bayside Hills, NY 11364
21012 53rd Ave,,Oakland Gardens, NY 11364
1102 E 43rd St,,Brooklyn, NY 11210
5044 Utopia Pkwy,,Flushing, NY 11365
173-53 103rd Rd,,Jamaica, NY 11433
69-15 136th St #A,,Flushing, NY 11367
1792 E 91st St,,Brooklyn, NY 11236
110-54 199th St,,Saint Albans, NY 11412
50-46 211th St,,Oakland Gardens, NY 11364
3515 166th St,,Flushing, NY 11358
216-20 17th Ave #TOWNHOUSE 58,,Bayside, NY 11360
1211 Campus St,,Charlotte, NC 28216
91 2nd Ave APT 2R,,New York, NY 10003
376 Mcguinness Blvd FLOOR 2,,Brooklyn, NY 11222
1092 E 43rd St,,Brooklyn, NY 11210
141 6th St FLOOR 2,,Ridgefield Park, NJ 07660
107A S Grove St,,East Orange, NJ 07018
5032 Utopia Pkwy,,Flushing, NY 11365
17345 103rd Rd,,Jamaica, NY 11433
69-03 136th St #B,,Flushing, NY 11367
E 91st St,,Brooklyn, NY 11236
11023 198th St,,Jamaica, NY 11412
5030 211th St,,Bayside Hills, NY 11364
16616 35th Ave,,Flushing, NY 11358
1785 215th St APT 2E,,Flushing, NY 11360
1785 215th St APT 14C,,Flushing, NY 11360
1408 Lyon Ct,,Charlotte, NC 28205
6732 Fairhope Ct,,Charlotte, NC 28277
1211 Campus St,,Charlotte, NC 28216
1619 Pat Garrett St,,Charlotte, NC 28206
0 Shopton Rd W,,Charlotte, NC 28278
4525 Castleton Rd,,Charlotte, NC 28211
700 Farmhurst Dr UNIT F,,Charlotte, NC 28217
13801 Singleleaf Ln,,Charlotte, NC 28278
8041 Cedar Glen Dr,,Charlotte, NC 28212
5044 Utopia Pkwy,,Flushing, NY 11365
240 E 13th St APT 21,,New York, NY 10003
376 Mcguinness Blvd FLOOR 2,,Brooklyn, NY 11222
1737 Newland Rd,,Charlotte, NC 28216
1102 E 43rd St,,Brooklyn, NY 11210
5044 Utopia Pkwy,,Flushing, NY 11365
173-53 103rd Rd,,Jamaica, NY 11433
69-15 136th St #A,,Flushing, NY 11367
1792 E 91st St,,Brooklyn, NY 11236
110-54 199th St,,Saint Albans, NY 11412
50-46 211th St,,Oakland Gardens, NY 11364
3515 166th St,,Flushing, NY 11358
216-20 17th Ave #TOWNHOUSE 58,,Bayside, NY 11360
1211 Campus St,,Charlotte, NC 28216
91 2nd Ave APT 2R,,New York, NY 10003
102 Wyckoff St APT 4R,,Brooklyn, NY 11201
141 6th St FLOOR 2,,Ridgefield Park, NJ 07660
2 Horizon Rd APT 1015,,Fort Lee, NJ 07024
645 E 80th St,,Brooklyn, NY 11236
107A S Grove St,,East Orange, NJ 07018
199 Hollywood Ave,,Valley Stream, NY 11581
173-11 110th Ave,,Jamaica, NY 11433
48 Brook St,,Hackensack, NJ 07601
151 Prospect Ave APT 18D,,Hackensack, NJ 07601
227 Brighton Rd,,Clifton, NJ 07012
1 Horizon Rd PH 3,,Fort Lee, NJ 07024
1102 E 43rd St,,Brooklyn, NY 11210
5044 Utopia Pkwy,,Flushing, NY 11365
173-53 103rd Rd,,Jamaica, NY 11433
69-15 136th St #A,,Flushing, NY 11367
1792 E 91st St,,Brooklyn, NY 11236
110-54 199th St,,Saint Albans, NY 11412
50-46 211th St,,Oakland Gardens, NY 11364
3515 166th St,,Flushing, NY 11358
216-20 17th Ave #TOWNHOUSE 58,,Bayside, NY 11360
1211 Campus St,,Charlotte, NC 28216
122 Sterling Pl #1B,,Brooklyn, NY 11217
2500 2nd Ave,,Sacramento, CA 95818
1604 Silver Lake Blvd,,Los Angeles, CA 90026
141 6th St FLOOR 2,,Ridgefield Park, NJ 07660
107A S Grove St,,East Orange, NJ 07018
2 Horizon Rd APT 1015,,Fort Lee, NJ 07024
755 Oakland Pl APT 4C,,Bronx, NY 10457
48 Brook St,,Hackensack, NJ 07601
303 E 57th St APT 6D,,New York, NY 10022
151 Prospect Ave APT 18D,,Hackensack, NJ 07601
1102 E 43rd St,,Brooklyn, NY 11210
5044 Utopia Pkwy,,Flushing, NY 11365
173-53 103rd Rd,,Jamaica, NY 11433
69-15 136th St #A,,Flushing, NY 11367
1792 E 91st St,,Brooklyn, NY 11236
110-54 199th St,,Saint Albans, NY 11412
3515 166th St,,Flushing, NY 11358
50-46 211th St,,Oakland Gardens, NY 11364
216-20 17th Ave #TOWNHOUSE 58,,Bayside, NY 11360
1211 Campus St,,Charlotte, NC 28216
122 Sterling Pl #1B,,Brooklyn, NY 11217
2500 2nd Ave,,Sacramento, CA 95818
1604 Silver Lake Blvd,,Los Angeles, CA 90026
141 6th St FLOOR 2,,Ridgefield Park, NJ 07660
107A S Grove St,,East Orange, NJ 07018
2 Horizon Rd APT 1015,,Fort Lee, NJ 07024
755 Oakland Pl APT 4C,,Bronx, NY 10457
48 Brook St,,Hackensack, NJ 07601
303 E 57th St APT 6D,,New York, NY 10022
151 Prospect Ave APT 18D,,Hackensack, NJ 07601
227 Brighton Rd,,Clifton, NJ 07012
100 W 57th St APT 5R,,New York, NY 10019
1 Horizon Rd PH 3,,Fort Lee, NJ 07024
1102 E 43rd St,,Brooklyn, NY 11210
5044 Utopia Pkwy,,Flushing, NY 11365
173-53 103rd Rd,,Jamaica, NY 11433
69-15 136th St #A,,Flushing, NY 11367
1792 E 91st St,,Brooklyn, NY 11236
110-54 199th St,,Saint Albans, NY 11412
3515 166th St,,Flushing, NY 11358
216-20 17th Ave #TOWNHOUSE 58,,Bayside, NY 11360
50-46 211th St,,Oakland Gardens, NY 11364
1211 Campus St,,Charlotte, NC 28216
2500 2nd Ave,,Sacramento, CA 95818
1604 Silver Lake Blvd,,Los Angeles, CA 90026
3028 Trap Rock Way,,Sacramento, CA 95835
141 6th St FLOOR 2,,Ridgefield Park, NJ 07660
2 Horizon Rd APT 1015,,Fort Lee, NJ 07024
645 E 80th St,,Brooklyn, NY 11236
107A S Grove St,,East Orange, NJ 07018
199 Hollywood Ave,,Valley Stream, NY 11581
173-11 110th Ave,,Jamaica, NY 11433
48 Brook St,,Hackensack, NJ 07601
151 Prospect Ave APT 18D,,Hackensack, NJ 07601
227 Brighton Rd,,Clifton, NJ 07012
1 Horizon Rd PH 3,,Fort Lee, NJ 07024
1102 E 43rd St,,Brooklyn, NY 11210
5044 Utopia Pkwy,,Flushing, NY 11365
173-53 103rd Rd,,Jamaica, NY 11433
69-15 136th St #A,,Flushing, NY 11367
1792 E 91st St,,Brooklyn, NY 11236
110-54 199th St,,Saint Albans, NY 11412
50-46 211th St,,Oakland Gardens, NY 11364
216-20 17th Ave #TOWNHOUSE 58,,Bayside, NY 11360
3515 166th St,,Flushing, NY 11358
1211 Campus St,,Charlotte, NC 28216
2500 2nd Ave,,Sacramento, CA 95818
1604 Silver Lake Blvd,,Los Angeles, CA 90026
3028 Trap Rock Way,,Sacramento, CA 95835
141 6th St FLOOR 2,,Ridgefield Park, NJ 07660
2 Horizon Rd APT 1015,,Fort Lee, NJ 07024
645 E 80th St,,Brooklyn, NY 11236
107A S Grove St,,East Orange, NJ 07018
199 Hollywood Ave,,Valley Stream, NY 11581
173-11 110th Ave,,Jamaica, NY 11433
48 Brook St,,Hackensack, NJ 07601
151 Prospect Ave APT 18D,,Hackensack, NJ 07601
227 Brighton Rd,,Clifton, NJ 07012
1 Horizon Rd PH 3,,Fort Lee, NJ 07024
1102 E 43rd St,,Brooklyn, NY 11210
5044 Utopia Pkwy,,Flushing, NY 11365
173-53 103rd Rd,,Jamaica, NY 11433
69-15 136th St #A,,Flushing, NY 11367
1792 E 91st St,,Brooklyn, NY 11236
110-54 199th St,,Saint Albans, NY 11412
3515 166th St,,Flushing, NY 11358
216-20 17th Ave #TOWNHOUSE 58,,Bayside, NY 11360
50-46 211th St,,Oakland Gardens, NY 11364
1211 Campus St,,Charlotte, NC 28216
22115 Tehama Rd,,Apple Valley, CA 92308
1572 Lost Creek Dr,,Allen, TX 75002
9971 W Campville St,,Boise, ID 83709
141 6th St FLOOR 2,,Ridgefield Park, NJ 07660
107A S Grove St,,East Orange, NJ 07018
2 Horizon Rd APT 1015,,Fort Lee, NJ 07024
755 Oakland Pl APT 4C,,Bronx, NY 10457
48 Brook St,,Hackensack, NJ 07601
303 E 57th St APT 6D,,New York, NY 10022
151 Prospect Ave APT 18D,,Hackensack, NJ 07601
227 Brighton Rd,,Clifton, NJ 07012
100 W 57th St APT 5R,,New York, NY 10019
1 Horizon Rd PH 3,,Fort Lee, NJ 07024
1102 E 43rd St,,Brooklyn, NY 11210
5044 Utopia Pkwy,,Flushing, NY 11365
173-53 103rd Rd,,Jamaica, NY 11433
69-15 136th St #A,,Flushing, NY 11367
1792 E 91st St,,Brooklyn, NY 11236
110-54 199th St,,Saint Albans, NY 11412
216-20 17th Ave #TOWNHOUSE 58,,Bayside, NY 11360
50-46 211th St,,Oakland Gardens, NY 11364
3515 166th St,,Flushing, NY 11358
1211 Campus St,,Charlotte, NC 28216
22115 Tehama Rd,,Apple Valley, CA 92308
1572 Lost Creek Dr,,Allen, TX 75002
9971 W Campville St,,Boise, ID 83709
141 6th St FLOOR 2,,Ridgefield Park, NJ 07660
107A S Grove St,,East Orange, NJ 07018
2 Horizon Rd APT 1015,,Fort Lee, NJ 07024
755 Oakland Pl APT 4C,,Bronx, NY 10457
48 Brook St,,Hackensack, NJ 07601
303 E 57th St APT 6D,,New York, NY 10022
151 Prospect Ave APT 18D,,Hackensack, NJ 07601
227 Brighton Rd,,Clifton, NJ 07012
100 W 57th St APT 5R,,New York, NY 10019
1 Horizon Rd PH 3,,Fort Lee, NJ 07024
1102 E 43rd St,,Brooklyn, NY 11210
5044 Utopia Pkwy,,Flushing, NY 11365
173-53 103rd Rd,,Jamaica, NY 11433
69-15 136th St #A,,Flushing, NY 11367
1792 E 91st St,,Brooklyn, NY 11236
110-54 199th St,,Saint Albans, NY 11412
50-46 211th St,,Oakland Gardens, NY 11364
216-20 17th Ave #TOWNHOUSE 58,,Bayside, NY 11360
3515 166th St,,Flushing, NY 11358
5703 Lambrook Ct,,Charlotte, NC 28269
1572 Lost Creek Dr,,Allen, TX 75002
9971 W Campville St,,Boise, ID 83709
391 Bank St #2B,,New London, CT 06320
141 6th St FLOOR 2,,Ridgefield Park, NJ 07660
107A S Grove St,,East Orange, NJ 07018
2 Horizon Rd APT 1015,,Fort Lee, NJ 07024
755 Oakland Pl APT 4C,,Bronx, NY 10457
48 Brook St,,Hackensack, NJ 07601
303 E 57th St APT 6D,,New York, NY 10022
151 Prospect Ave APT 18D,,Hackensack, NJ 07601
227 Brighton Rd,,Clifton, NJ 07012
100 W 57th St APT 5R,,New York, NY 10019
1 Horizon Rd PH 3,,Fort Lee, NJ 07024
1211 Campus St,,Charlotte, NC 28216
1102 E 43rd St,,Brooklyn, NY 11210
5044 Utopia Pkwy,,Flushing, NY 11365
173-53 103rd Rd,,Jamaica, NY 11433
69-15 136th St #A,,Flushing, NY 11367
1792 E 91st St,,Brooklyn, NY 11236
110-54 199th St,,Saint Albans, NY 11412
50-46 211th St,,Oakland Gardens, NY 11364
216-20 17th Ave #TOWNHOUSE 58,,Bayside, NY 11360
3515 166th St,,Flushing, NY 11358
1211 Campus St,,Charlotte, NC 28216
1572 Lost Creek Dr,,Allen, TX 75002
9971 W Campville St,,Boise, ID 83709
391 Bank St #2B,,New London, CT 06320
141 6th St FLOOR 2,,Ridgefield Park, NJ 07660
107A S Grove St,,East Orange, NJ 07018
2 Horizon Rd APT 1015,,Fort Lee, NJ 07024
755 Oakland Pl APT 4C,,Bronx, NY 10457
48 Brook St,,Hackensack, NJ 07601
303 E 57th St APT 6D,,New York, NY 10022
151 Prospect Ave APT 18D,,Hackensack, NJ 07601
227 Brighton Rd,,Clifton, NJ 07012
100 W 57th St APT 5R,,New York, NY 10019
1 Horizon Rd PH 3,,Fort Lee, NJ 07024
1102 E 43rd St,,Brooklyn, NY 11210
5044 Utopia Pkwy,,Flushing, NY 11365
173-53 103rd Rd,,Jamaica, NY 11433
69-15 136th St #A,,Flushing, NY 11367
110-54 199th St,,Saint Albans, NY 11412
1792 E 91st St,,Brooklyn, NY 11236
50-46 211th St,,Oakland Gardens, NY 11364
216-20 17th Ave #TOWNHOUSE 58,,Bayside, NY 11360
3515 166th St,,Flushing, NY 11358
5703 Lambrook Ct,,Charlotte, NC 28269
2500 2nd Ave,,Sacramento, CA 95818
1604 Silver Lake Blvd,,Los Angeles, CA 90026
3028 Trap Rock Way,,Sacramento, CA 95835
141 6th St FLOOR 2,,Ridgefield Park, NJ 07660
2 Horizon Rd APT 1015,,Fort Lee, NJ 07024
645 E 80th St,,Brooklyn, NY 11236
107A S Grove St,,East Orange, NJ 07018
199 Hollywood Ave,,Valley Stream, NY 11581
173-11 110th Ave,,Jamaica, NY 11433
48 Brook St,,Hackensack, NJ 07601
151 Prospect Ave APT 18D,,Hackensack, NJ 07601
227 Brighton Rd,,Clifton, NJ 07012
1 Horizon Rd PH 3,,Fort Lee, NJ 07024
1102 E 43rd St,,Brooklyn, NY 11210
5044 Utopia Pkwy,,Flushing, NY 11365
173-53 103rd Rd,,Jamaica, NY 11433
69-15 136th St #A,,Flushing, NY 11367
1792 E 91st St,,Brooklyn, NY 11236
110-54 199th St,,Saint Albans, NY 11412
50-46 211th St,,Oakland Gardens, NY 11364
3515 166th St,,Flushing, NY 11358
216-20 17th Ave #TOWNHOUSE 58,,Bayside, NY 11360
1211 Campus St,,Charlotte, NC 28216
1572 Lost Creek Dr,,Allen, TX 75002
9971 W Campville St,,Boise, ID 83709
391 Bank St #2B,,New London, CT 06320
141 6th St FLOOR 2,,Ridgefield Park, NJ 07660
2 Horizon Rd APT 1015,,Fort Lee, NJ 07024
645 E 80th St,,Brooklyn, NY 11236
107A S Grove St,,East Orange, NJ 07018
199 Hollywood Ave,,Valley Stream, NY 11581
173-11 110th Ave,,Jamaica, NY 11433
48 Brook St,,Hackensack, NJ 07601
151 Prospect Ave APT 18D,,Hackensack, NJ 07601
227 Brighton Rd,,Clifton, NJ 07012
1 Horizon Rd PH 3,,Fort Lee, NJ 07024
5703 Lambrook Ct,,Charlotte, NC 28269
1102 E 43rd St,,Brooklyn, NY 11210
5044 Utopia Pkwy,,Flushing, NY 11365
173-53 103rd Rd,,Jamaica, NY 11433
69-15 136th St #A,,Flushing, NY 11367
1792 E 91st St,,Brooklyn, NY 11236
110-54 199th St,,Saint Albans, NY 11412
50-46 211th St,,Oakland Gardens, NY 11364
3515 166th St,,Flushing, NY 11358
216-20 17th Ave #TOWNHOUSE 58,,Bayside, NY 11360
1408 Lyon Ct,,Charlotte, NC 28205
391 Bank St #2B,,New London, CT 06320
10538 Ridgeland Ave APT 3,,Chicago Ridge, IL 60415
17703 E Bellewood Dr,,Aurora, CO 80015
141 6th St FLOOR 2,,Ridgefield Park, NJ 07660
2 Horizon Rd APT 1015,,Fort Lee, NJ 07024
645 E 80th St,,Brooklyn, NY 11236
107A S Grove St,,East Orange, NJ 07018
199 Hollywood Ave,,Valley Stream, NY 11581
173-11 110th Ave,,Jamaica, NY 11433
48 Brook St,,Hackensack, NJ 07601
151 Prospect Ave APT 18D,,Hackensack, NJ 07601
227 Brighton Rd,,Clifton, NJ 07012
1 Horizon Rd PH 3,,Fort Lee, NJ 07024
6507 Eastfield Park Dr,,Charlotte, NC 28269
1102 E 43rd St,,Brooklyn, NY 11210
5044 Utopia Pkwy,,Flushing, NY 11365
173-53 103rd Rd,,Jamaica, NY 11433
69-15 136th St #A,,Flushing, NY 11367
1792 E 91st St,,Brooklyn, NY 11236
110-54 199th St,,Saint Albans, NY 11412
50-46 211th St,,Oakland Gardens, NY 11364
216-20 17th Ave #TOWNHOUSE 58,,Bayside, NY 11360
3515 166th St,,Flushing, NY 11358
1211 Campus St,,Charlotte, NC 28216
10538 Ridgeland Ave APT 3,,Chicago Ridge, IL 60415
17703 E Bellewood Dr,,Aurora, CO 80015
1161 Genesee Ave,,Mayfield Heights, OH 44124
141 6th St FLOOR 2,,Ridgefield Park, NJ 07660
2 Horizon Rd APT 1015,,Fort Lee, NJ 07024
645 E 80th St,,Brooklyn, NY 11236
107A S Grove St,,East Orange, NJ 07018
199 Hollywood Ave,,Valley Stream, NY 11581
173-11 110th Ave,,Jamaica, NY 11433
48 Brook St,,Hackensack, NJ 07601
151 Prospect Ave APT 18D,,Hackensack, NJ 07601
227 Brighton Rd,,Clifton, NJ 07012
1 Horizon Rd PH 3,,Fort Lee, NJ 07024
1102 E 43rd St,,Brooklyn, NY 11210
5044 Utopia Pkwy,,Flushing, NY 11365
173-53 103rd Rd,,Jamaica, NY 11433
69-15 136th St #A,,Flushing, NY 11367
110-54 199th St,,Saint Albans, NY 11412
1792 E 91st St,,Brooklyn, NY 11236
50-46 211th St,,Oakland Gardens, NY 11364
216-20 17th Ave #TOWNHOUSE 58,,Bayside, NY 11360
3515 166th St,,Flushing, NY 11358
1211 Campus St,,Charlotte, NC 28216
2500 2nd Ave,,Sacramento, CA 95818
1604 Silver Lake Blvd,,Los Angeles, CA 90026
3028 Trap Rock Way,,Sacramento, CA 95835
141 6th St FLOOR 2,,Ridgefield Park, NJ 07660
107A S Grove St,,East Orange, NJ 07018
2 Horizon Rd APT 1015,,Fort Lee, NJ 07024
755 Oakland Pl APT 4C,,Bronx, NY 10457
48 Brook St,,Hackensack, NJ 07601
303 E 57th St APT 6D,,New York, NY 10022
151 Prospect Ave APT 18D,,Hackensack, NJ 07601
227 Brighton Rd,,Clifton, NJ 07012
100 W 57th St APT 5R,,New York, NY 10019
1 Horizon Rd PH 3,,Fort Lee, NJ 07024
5703 Lambrook Ct,,Charlotte, NC 28269
1102 E 43rd St,,Brooklyn, NY 11210
5044 Utopia Pkwy,,Flushing, NY 11365
173-53 103rd Rd,,Jamaica, NY 11433
69-15 136th St #A,,Flushing, NY 11367
1792 E 91st St,,Brooklyn, NY 11236
110-54 199th St,,Saint Albans, NY 11412
50-46 211th St,,Oakland Gardens, NY 11364
216-20 17th Ave #TOWNHOUSE 58,,Bayside, NY 11360
3515 166th St,,Flushing, NY 11358
1211 Campus St,,Charlotte, NC 28216
17703 E Bellewood Dr,,Aurora, CO 80015
1161 Genesee Ave,,Mayfield Heights, OH 44124
1871 Beverly Hills Dr,,Euclid, OH 44117
141 6th St FLOOR 2,,Ridgefield Park, NJ 07660
2 Horizon Rd APT 1015,,Fort Lee, NJ 07024
645 E 80th St,,Brooklyn, NY 11236
107A S Grove St,,East Orange, NJ 07018
199 Hollywood Ave,,Valley Stream, NY 11581
173-11 110th Ave,,Jamaica, NY 11433
48 Brook St,,Hackensack, NJ 07601
151 Prospect Ave APT 18D,,Hackensack, NJ 07601
227 Brighton Rd,,Clifton, NJ 07012
1 Horizon Rd PH 3,,Fort Lee, NJ 07024
1102 E 43rd St,,Brooklyn, NY 11210
5044 Utopia Pkwy,,Flushing, NY 11365
173-53 103rd Rd,,Jamaica, NY 11433
69-15 136th St #A,,Flushing, NY 11367
1792 E 91st St,,Brooklyn, NY 11236
110-54 199th St,,Saint Albans, NY 11412
50-46 211th St,,Oakland Gardens, NY 11364
3515 166th St,,Flushing, NY 11358
216-20 17th Ave #TOWNHOUSE 58,,Bayside, NY 11360
1211 Campus St,,Charlotte, NC 28216
1871 Beverly Hills Dr,,Euclid, OH 44117
1161 Genesee Ave,,Mayfield Heights, OH 44124
658 W State St,,Newcomerstown, OH 43832
141 6th St FLOOR 2,,Ridgefield Park, NJ 07660
2 Horizon Rd APT 1015,,Fort Lee, NJ 07024
645 E 80th St,,Brooklyn, NY 11236
107A S Grove St,,East Orange, NJ 07018
199 Hollywood Ave,,Valley Stream, NY 11581
173-11 110th Ave,,Jamaica, NY 11433
48 Brook St,,Hackensack, NJ 07601
151 Prospect Ave APT 18D,,Hackensack, NJ 07601
227 Brighton Rd,,Clifton, NJ 07012
1 Horizon Rd PH 3,,Fort Lee, NJ 07024
1102 E 43rd St,,Brooklyn, NY 11210
5044 Utopia Pkwy,,Flushing, NY 11365
173-53 103rd Rd,,Jamaica, NY 11433
69-15 136th St #A,,Flushing, NY 11367
1792 E 91st St,,Brooklyn, NY 11236
110-54 199th St,,Saint Albans, NY 11412
50-46 211th St,,Oakland Gardens, NY 11364
216-20 17th Ave #TOWNHOUSE 58,,Bayside, NY 11360
3515 166th St,,Flushing, NY 11358
1211 Campus St,,Charlotte, NC 28216
658 W State St,,Newcomerstown, OH 43832
9783 Nonacrest Dr,,Orlando, FL 32832
601 S Missouri Ave APT 1B,,Belleville, IL 62220
141 6th St FLOOR 2,,Ridgefield Park, NJ 07660
2 Horizon Rd APT 1015,,Fort Lee, NJ 07024
645 E 80th St,,Brooklyn, NY 11236
107A S Grove St,,East Orange, NJ 07018
199 Hollywood Ave,,Valley Stream, NY 11581
173-11 110th Ave,,Jamaica, NY 11433
48 Brook St,,Hackensack, NJ 07601
151 Prospect Ave APT 18D,,Hackensack, NJ 07601
227 Brighton Rd,,Clifton, NJ 07012
1 Horizon Rd PH 3,,Fort Lee, NJ 07024
1102 E 43rd St,,Brooklyn, NY 11210
5044 Utopia Pkwy,,Flushing, NY 11365
173-53 103rd Rd,,Jamaica, NY 11433
69-15 136th St #A,,Flushing, NY 11367
110-54 199th St,,Saint Albans, NY 11412
1792 E 91st St,,Brooklyn, NY 11236
3515 166th St,,Flushing, NY 11358
50-46 211th St,,Oakland Gardens, NY 11364
216-20 17th Ave #TOWNHOUSE 58,,Bayside, NY 11360
1211 Campus St,,Charlotte, NC 28216
658 W State St,,Newcomerstown, OH 43832
9783 Nonacrest Dr,,Orlando, FL 32832
601 S Missouri Ave APT 1B,,Belleville, IL 62220
141 6th St FLOOR 2,,Ridgefield Park, NJ 07660
2 Horizon Rd APT 1015,,Fort Lee, NJ 07024
645 E 80th St,,Brooklyn, NY 11236
107A S Grove St,,East Orange, NJ 07018
199 Hollywood Ave,,Valley Stream, NY 11581
173-11 110th Ave,,Jamaica, NY 11433
